nachname,vorname,rufname_hund,art,stufe,disziplin,verein,zwingername,geschlecht,rasse,schulterhoehe_cm,chip_nr,tollwutimpfung_bis,geburtsdatum,verband,mitgliedsnummer,wurftag,strasse,hausnummer,plz,ort,email,telefon,halter_vorname,halter_nachname,halter_strasse,halter_hausnummer,halter_plz,halter_ort,halter_mitgliedsverein,halter_mitgliedsnummer,halter_lu_nr
Albrecht,Anna,Amy,ED,1,Trümmerfeld,Beispielverein Musterstadt,,Hündin,Labrador Retriever,55,999000000000001,31.12.2027,12.03.1985,Beispielverband,B-1001,04.05.2020,Musterstraße,1,12345,Musterstadt,anna.albrecht@example.org,0123 45678-01,,,,,,,,,
Bauer,Ben,Balu,ED,1,Flächensuche,Beispielverein Musterstadt,,Rüde,Border Collie,53,999000000000002,31.12.2027,02.07.1990,Beispielverband,B-1002,18.09.2021,Musterstraße,2,12345,Musterstadt,ben.bauer@example.org,0123 45678-02,,,,,,,,,
Conrad,Carla,Cookie,ED,1,Behältnisstrecke,Hundesport Musterdorf,,Hündin,Mischling,45,999000000000003,31.12.2027,23.11.1978,Beispielverband,B-1003,01.02.2019,Musterstraße,3,54321,Musterdorf,carla.conrad@example.org,0123 45678-03,,,,,,,,,
Dorn,David,Dusty,ED,1,Trümmerfeld,Hundesport Musterdorf,,Rüde,Australian Shepherd,52,999000000000004,31.12.2027,09.01.2012,Beispielverband,B-1004,11.06.2022,Musterstraße,4,54321,Musterdorf,david.dorn@example.org,0123 45678-04,Hanna,Dorn,Musterstraße,4,54321,Musterdorf,Hundesport Musterdorf,B-2004,
Engel,Eva,Emma,ED,1,Flächensuche,Beispielverein Musterstadt,,Hündin,Golden Retriever,54,999000000000005,31.12.2027,30.04.1995,Beispielverband,B-1005,27.03.2021,Musterstraße,5,12345,Musterstadt,eva.engel@example.org,0123 45678-05,,,,,,,,,
Frank,Florian,Finn,ED,2,Trümmerfeld,Beispielverein Musterstadt,,Rüde,Malinois,62,999000000000006,31.12.2027,14.08.1982,Beispielverband,B-1006,05.10.2018,Musterstraße,6,12345,Musterstadt,florian.frank@example.org,0123 45678-06,,,,,,,,,
Graf,Greta,Gina,ED,2,Flächensuche,Hundesport Musterdorf,,Hündin,Deutscher Schäferhund,58,999000000000007,31.12.2027,06.12.1988,Beispielverband,B-1007,19.07.2019,Musterstraße,7,54321,Musterdorf,greta.graf@example.org,0123 45678-07,,,,,,,,,
Hofmann,Heinz,Hunter,ED,2,Behältnisstrecke,Beispielverein Musterstadt,,Rüde,Beagle,38,999000000000008,31.12.2027,21.02.1970,Beispielverband,B-1008,08.08.2020,Musterstraße,8,12345,Musterstadt,heinz.hofmann@example.org,0123 45678-08,,,,,,,,,
Iske,Ina,Ivy,ED,2,Behältnisstrecke,Hundesport Musterdorf,,Hündin,Jack Russell Terrier,30,999000000000009,31.12.2027,17.05.2013,Beispielverband,B-1009,22.04.2022,Musterstraße,9,54321,Musterdorf,ina.iske@example.org,0123 45678-09,Horst,Iske,Musterstraße,9,54321,Musterdorf,Hundesport Musterdorf,B-2009,
Jäger,Jan,Jacky,ED,3,Trümmerfeld,Beispielverein Musterstadt,,Rüde,Labrador Retriever,57,999000000000010,31.12.2027,03.10.1975,Beispielverband,B-1010,14.01.2017,Musterstraße,10,12345,Musterstadt,jan.jaeger@example.org,0123 45678-10,,,,,,,,,
Klein,Katrin,Kira,ED,3,Flächensuche,Hundesport Musterdorf,,Hündin,Border Collie,51,999000000000011,31.12.2027,28.06.1992,Beispielverband,B-1011,30.11.2018,Musterstraße,11,54321,Musterdorf,katrin.klein@example.org,0123 45678-11,,,,,,,,,
Lang,Lukas,Lucky,ED,3,Behältnisstrecke,Beispielverein Musterstadt,,Rüde,Mischling,48,999000000000012,31.12.2027,11.09.1986,Beispielverband,B-1012,09.09.2017,Musterstraße,12,12345,Musterstadt,lukas.lang@example.org,0123 45678-12,,,,,,,,,
Maurer,Marie,Mila,ED,3,Trümmerfeld,Hundesport Musterdorf,,Hündin,Hovawart,60,999000000000013,31.12.2027,19.03.1980,Beispielverband,B-1013,03.03.2018,Musterstraße,13,54321,Musterdorf,marie.maurer@example.org,0123 45678-13,,,,,,,,,
Nowak,Nils,Nero,ED,1,Behältnisstrecke,Beispielverein Musterstadt,,Rüde,Dackel,25,999000000000014,31.12.2027,07.07.1999,Beispielverband,B-1014,16.12.2022,Musterstraße,14,12345,Musterstadt,nils.nowak@example.org,0123 45678-14,,,,,,,,,
Otto,Olga,Oona,DK,1,,Beispielverein Musterstadt,,Hündin,Australian Shepherd,50,999000000000015,31.12.2027,25.01.1987,Beispielverband,B-1015,12.05.2021,Musterstraße,15,12345,Musterstadt,olga.otto@example.org,0123 45678-15,,,,,,,,,
Pohl,Peter,Paul,DK,1,,Hundesport Musterdorf,,Rüde,Malinois,63,999000000000016,31.12.2027,13.04.1979,Beispielverband,B-1016,20.08.2020,Musterstraße,16,54321,Musterdorf,peter.pohl@example.org,0123 45678-16,,,,,,,,,
Quandt,Quinn,Queeny,DK,1,,Beispielverein Musterstadt,,Hündin,Labrador Retriever,56,999000000000017,31.12.2027,04.11.1993,Beispielverband,B-1017,07.02.2021,Musterstraße,17,12345,Musterstadt,quinn.quandt@example.org,0123 45678-17,,,,,,,,,
Roth,Rita,Rocky,DK,2,,Hundesport Musterdorf,,Rüde,Deutscher Schäferhund,64,999000000000018,31.12.2027,29.08.1984,Beispielverband,B-1018,25.06.2019,Musterstraße,18,54321,Musterdorf,rita.roth@example.org,0123 45678-18,,,,,,,,,
Schulz,Sarah,Sunny,DK,2,,Beispielverein Musterstadt,,Hündin,Golden Retriever,55,999000000000019,31.12.2027,16.02.1991,Beispielverband,B-1019,10.10.2019,Musterstraße,19,12345,Musterstadt,sarah.schulz@example.org,0123 45678-19,,,,,,,,,
Thiel,Tobias,Tyson,DK,3,,Hundesport Musterdorf,,Rüde,Border Collie,54,999000000000020,31.12.2027,08.05.1977,Beispielverband,B-1020,02.04.2017,Musterstraße,20,54321,Musterdorf,tobias.thiel@example.org,0123 45678-20,,,,,,,,,
